Id;ActivityDate;TotalSteps;TotalDistance;TrackerDistance;LoggedActivitiesDistance;VeryActiveDistance;ModeratelyActiveDistance;LightActiveDistance;SedentaryActiveDistance;VeryActiveMinutes;FairlyActiveMinutes;LightlyActiveMinutes;SedentaryMinutes;Calories
1503960366;3/25/2016;11004;71.100.001.335.144;71.100.001.335.144;0;25.699.999.332.428;0.46000000834465;407.000.017.166.138;0;33;12;205;804;1819
1503960366;3/26/2016;17609;115.500.001.907.349;115.500.001.907.349;0;692.000.007.629.395;0.730000019073486;391.000.008.583.069;0;89;17;274;588;2154
1503960366;3/27/2016;12736;852.999.973.297.119;852.999.973.297.119;0;465.999.984.741.211;0.159999996423721;371.000.003.814.697;0;56;5;268;605;1944
1503960366;3/28/2016;13231;893.000.030.517.578;893.000.030.517.578;0;319.000.005.722.046;0.790000021457672;494.999.980.926.514;0;39;20;224;1080;1932
1503960366;3/29/2016;12041;784.999.990.463.257;784.999.990.463.257;0;216.000.008.583.069;10.900.000.333.786;46.100.001.335.144;0;28;28;243;763;1886
1503960366;3/30/2016;10970;715.999.984.741.211;715.999.984.741.211;0;235.999.989.509.583;0.509999990463257;428.999.996.185.303;0;30;13;223;1174;1820
1503960366;3/31/2016;12256;78.600.001.335.144;78.600.001.335.144;0;228.999.996.185.303;0.490000009536743;503.999.996.185.303;0;33;12;239;820;1889
1503960366;04/01/2016;12262;786.999.988.555.908;786.999.988.555.908;0;33.199.999.332.428;0.829999983310699;364.000.010.490.417;0;47;21;200;866;1868
1503960366;04/02/2016;11248;7.25;7.25;0;3;0.449999988079071;374.000.000.953.674;0;40;11;244;636;1843
1503960366;04/03/2016;10016;636.999.988.555.908;636.999.988.555.908;0;0.910000026226044;127.999.997.138.977;417.999.982.833.862;0;15;30;314;655;1850
1503960366;04/04/2016;14557;980.000.019.073.486;980.000.019.073.486;0;339.000.010.490.417;0.699999988079071;569.000.005.722.046;0;43;18;285;757;2030
1503960366;04/05/2016;14844;972.999.954.223.633;972.999.954.223.633;0;294.000.005.722.046;0.759999990463257;603.999.996.185.303;0;36;18;341;736;2083
1503960366;04/06/2016;11974;767.000.007.629.395;767.000.007.629.395;0;203.999.996.185.303;0.479999989271164;515.000.009.536.743;0;27;12;228;1173;1861
1503960366;04/07/2016;10198;644.000.005.722.046;644.000.005.722.046;0;120.000.004.768.372;0.790000021457672;444.999.980.926.514;0;17;20;195;1208;1755
1503960366;04/08/2016;12521;794.000.005.722.046;794.000.005.722.046;0;330.999.994.277.954;0.899999976158142;374.000.000.953.674;0;46;22;212;1160;1895
1503960366;04/09/2016;12432;810.000.038.146.973;810.000.038.146.973;0;258.999.991.416.931;0.589999973773956;492.000.007.629.395;0;32;15;248;738;1883
1503960366;04/10/2016;10057;698.000.001.907.349;698.000.001.907.349;0;4;0.490000009536743;248.000.001.907.349;0;44;13;168;737;1755
1503960366;04/11/2016;10990;726.000.022.888.184;726.000.022.888.184;0;203.999.996.185.303;0.569999992847443;465.000.009.536.743;0;26;14;216;855;1811
1503960366;04/12/2016;224;0.140000000596046;0.140000000596046;0;0;0;0.129999995231628;0;0;0;9;32;50
1624580081;3/25/2016;1810;117.999.994.754.791;117.999.994.754.791;0;0;0;112.999.999.523.163;0.00999999977648258;0;0;121;1319;1373
1624580081;3/26/2016;815;0.529999971389771;0.529999971389771;0;0;0;0.529999971389771;0;0;0;47;1393;1264
1624580081;3/27/2016;1985;128.999.996.185.303;128.999.996.185.303;0;0;0;127.999.997.138.977;0.00999999977648258;0;0;112;1328;1350
1624580081;3/28/2016;1905;124.000.000.953.674;124.000.000.953.674;0;0;0;124.000.000.953.674;0;0;0;95;1345;1342
1624580081;3/29/2016;1552;100.999.999.046.326;100.999.999.046.326;0;0;0;1;0;0;0;66;1374;1300
1624580081;3/30/2016;1675;10.900.000.333.786;10.900.000.333.786;0;0;0;10.900.000.333.786;0;0;0;84;1356;1313
1624580081;3/31/2016;4506;29.300.000.667.572;29.300.000.667.572;0;0.509999990463257;0.270000010728836;215.000.009.536.743;0.00999999977648258;7;4;144;1285;1498
1624580081;04/01/2016;9218;598.999.977.111.816;598.999.977.111.816;0;0;0;596.999.979.019.165;0.00999999977648258;0;0;221;1219;1541
1624580081;04/02/2016;1556;100.999.999.046.326;100.999.999.046.326;0;0;0;100.999.999.046.326;0.00999999977648258;0;0;88;1352;1327
1624580081;04/03/2016;2910;188.999.998.569.489;188.999.998.569.489;0;0;0;187.999.999.523.163;0.00999999977648258;0;0;157;1283;1452
1624580081;04/04/2016;18464;12;12;0;0;0;12;0;0;0;270;1170;1574
1624580081;04/05/2016;1335;0.870000004768372;0.870000004768372;0;0;0;0.870000004768372;0;0;0;74;1366;1308
1624580081;04/06/2016;1004;0.649999976158142;0.649999976158142;0;0;0;0.649999976158142;0;0;0;55;1385;1276
1624580081;04/07/2016;1111;0.720000028610229;0.720000028610229;0;0;0;0.720000028610229;0;0;0;54;1386;1278
1624580081;04/08/2016;6344;411.999.988.555.908;411.999.988.555.908;0;0;0;409.999.990.463.257;0;0;0;143;1297;1409
1624580081;04/09/2016;3572;23.199.999.332.428;23.199.999.332.428;0;0;0;228.999.996.185.303;0.0299999993294477;0;0;122;1318;1370
1624580081;04/10/2016;3910;253.999.996.185.303;253.999.996.185.303;0;0.469999998807907;0.25;180.999.994.277.954;0.00999999977648258;7;7;186;1240;1555
1624580081;04/11/2016;10000;6.5;6.5;0;0;0;6.5;0;0;0;172;1268;1469
1624580081;04/12/2016;6627;430.999.994.277.954;430.999.994.277.954;0;0;0;430.999.994.277.954;0;0;0;89;604;706
1644430081;04/01/2016;4636;341.000.008.583.069;341.000.008.583.069;0;0;0.779999971389771;259.999.990.463.257;0.0299999993294477;0;16;586;838;3323
1644430081;04/02/2016;20237;14.710.000.038.147;14.710.000.038.147;0;25.699.999.332.428;640.000.009.536.743;573.000.001.907.349;0.00999999977648258;34;141;347;918;4029
1644430081;04/03/2016;12912;940.999.984.741.211;940.999.984.741.211;0;482.999.992.370.605;0.769999980926514;378.999.996.185.303;0.0299999993294477;59;16;283;1082;3436
1644430081;04/04/2016;2819;204.999.995.231.628;204.999.995.231.628;0;0.310000002384186;0.170000001788139;155.999.994.277.954;0.00999999977648258;4;4;87;1345;2444
1644430081;04/05/2016;9921;721.000.003.814.697;721.000.003.814.697;0;0.340000003576279;151.999.998.092.651;53.600.001.335.144;0;5;35;219;1181;3098
1644430081;04/06/2016;8046;584.999.990.463.257;584.999.990.463.257;0;128.999.996.185.303;211.999.988.555.908;245.000.004.768.372;0;18;41;137;1244;2925
1644430081;04/07/2016;11166;811.999.988.555.908;811.999.988.555.908;0;0.209999993443489;241.000.008.583.069;5.5;0;3;58;230;1149;3202
1644430081;04/08/2016;7842;569.999.980.926.514;569.999.980.926.514;0;0.479999989271164;241.000.008.583.069;280.999.994.277.954;0;7;43;161;1229;2928
1644430081;04/09/2016;13840;100.600.004.196.167;100.600.004.196.167;0;130.999.994.277.954;372.000.002.861.023;503.000.020.980.835;0;18;81;192;1149;3290
1644430081;04/10/2016;1329;0.970000028610229;0.970000028610229;0;0;0;0.970000028610229;0;0;0;35;207;489
1844505072;04/01/2016;6847;453.000.020.980.835;453.000.020.980.835;0;0.610000014305115;0.370000004768372;354.999.995.231.628;0;9;9;251;1171;1969
1844505072;04/02/2016;5367;354.999.995.231.628;354.999.995.231.628;0;0;0;354.999.995.231.628;0;0;0;263;1177;1889
1844505072;04/03/2016;2841;187.999.999.523.163;187.999.999.523.163;0;0;0;187.999.999.523.163;0;0;0;136;1114;1636
1844505072;04/04/2016;0;0;0;0;0;0;0;0;0;0;0;669;1347
1844505072;04/05/2016;0;0;0;0;0;0;0;0;0;0;0;1440;1347
1844505072;04/06/2016;7;0;0;0;0;0;0;0;0;0;1;1439;1349
1844505072;04/07/2016;6344;419.000.005.722.046;419.000.005.722.046;0;0;0;419.000.005.722.046;0;0;0;290;1150;1965
1844505072;04/08/2016;5316;350.999.999.046.326;350.999.999.046.326;0;0;0;350.999.999.046.326;0;0;0;221;1219;1824
1844505072;04/09/2016;4979;328.999.996.185.303;328.999.996.185.303;0;0;0;328.999.996.185.303;0;0;0;184;620;1807
1844505072;04/10/2016;6556;434.000.015.258.789;434.000.015.258.789;0;0;0;432.999.992.370.605;0;0;0;305;810;1971
1844505072;04/11/2016;5430;358.999.991.416.931;358.999.991.416.931;0;0;0;358.999.991.416.931;0;0;0;251;1189;1888
1844505072;04/12/2016;0;0;0;0;0;0;0;0;0;0;0;426;399
1927972279;04/01/2016;4317;299.000.000.953.674;299.000.000.953.674;0;0;0.370000004768372;261.999.988.555.908;0;0;11;192;854;2590
1927972279;04/02/2016;5662;392.000.007.629.395;392.000.007.629.395;0;0;0;392.000.007.629.395;0;0;0;267;858;2783
1927972279;04/03/2016;3198;221.000.003.814.697;221.000.003.814.697;0;0;0;221.000.003.814.697;0;0;0;146;1183;2449
1927972279;04/04/2016;2352;162.999.999.523.163;162.999.999.523.163;0;0;0;162.999.999.523.163;0;0;0;128;829;2380
1927972279;04/05/2016;2234;154.999.995.231.628;154.999.995.231.628;0;0;0;154.999.995.231.628;0;0;0;108;912;2344
1927972279;04/06/2016;1259;0.870000004768372;0.870000004768372;0;0;0;0.870000004768372;0;0;0;73;938;2202
1927972279;04/07/2016;768;0.529999971389771;0.529999971389771;0;0;0;0.529999971389771;0;0;0;43;1397;2130
1927972279;04/08/2016;519;0.360000014305115;0.360000014305115;0;0;0;0.360000014305115;0;0;0;34;1406;2088
1927972279;04/09/2016;2523;1.75;1.75;0;0;0.370000004768372;137.999.999.523.163;0;0;9;134;1250;2443
1927972279;04/10/2016;2105;146.000.003.814.697;146.000.003.814.697;0;0;0;146.000.003.814.697;0;0;0;139;805;2442
1927972279;04/11/2016;1209;0.839999973773956;0.839999973773956;0;0;0;0.839999973773956;0;0;0;73;842;2255
1927972279;04/12/2016;24;0.0199999995529652;0.0199999995529652;0;0;0;0.0199999995529652;0;0;0;3;161;942
2022484408;04/01/2016;13603;960.000.038.146.973;960.000.038.146.973;0;546.000.003.814.697;0.629999995231628;350.999.999.046.326;0;72;16;213;1139;2645
2022484408;04/02/2016;5477;383.999.991.416.931;383.999.991.416.931;0;0;0;383.999.991.416.931;0;0;0;237;1203;2040
2022484408;04/03/2016;11144;782.000.017.166.138;782.000.017.166.138;0;178.999.996.185.303;0.889999985694885;51.399.998.664.856;0;25;22;279;1114;2395
2022484408;04/04/2016;15313;11;11;0;501.999.998.092.651;128.999.996.185.303;469.000.005.722.046;0;62;19;233;1126;2581
2022484408;04/05/2016;10805;759.000.015.258.789;759.000.015.258.789;0;0.720000028610229;0.980000019073486;58.899.998.664.856;0;36;37;298;1069;2735
2022484408;04/06/2016;15392;109.300.003.051.758;109.300.003.051.758;0;34.300.000.667.572;1.75;5.75;0;47;42;258;1093;2733
2022484408;04/07/2016;18247;138.299.999.237.061;138.299.999.237.061;0;71.100.001.335.144;221.000.003.814.697;451.000.022.888.184;0;72;62;252;1054;3021
2022484408;04/08/2016;13023;926.000.022.888.184;926.000.022.888.184;0;323.000.001.907.349;0.560000002384186;546.999.979.019.165;0;40;12;296;1092;2577
2022484408;04/09/2016;16267;125.900.001.525.879;125.900.001.525.879;0;5.75;0.469999998807907;636.999.988.555.908;0;44;16;302;1078;2811
2022484408;04/10/2016;10005;701.999.998.092.651;701.999.998.092.651;0;0.0799999982118607;104.999.995.231.628;590.000.009.536.743;0;1;23;339;1077;2458
2022484408;04/11/2016;10106;709.000.015.258.789;709.000.015.258.789;0;121.000.003.814.697;0.560000002384186;532.999.992.370.605;0;41;16;272;1111;2568
2022484408;04/12/2016;6717;471.999.979.019.165;471.999.979.019.165;0;323.000.001.907.349;0.219999998807907;126.999.998.092.651;0;41;5;67;551;1140
2026352035;04/01/2016;2605;162.000.000.476.837;162.000.000.476.837;0;0;0;162.000.000.476.837;0;0;0;166;729;1407
2026352035;04/02/2016;1229;0.759999990463257;0.759999990463257;0;0;0;0.759999990463257;0;0;0;69;795;1237
2026352035;04/03/2016;2308;142.999.994.754.791;142.999.994.754.791;0;0;0;142.999.994.754.791;0;0;0;115;720;1330
2026352035;04/04/2016;6679;41.399.998.664.856;41.399.998.664.856;0;0;0;41.399.998.664.856;0;0;0;263;644;1583
2026352035;04/05/2016;5645;3.5;3.5;0;0;0;3.5;0;0;0;248;621;1538
2026352035;04/06/2016;3180;197.000.002.861.023;197.000.002.861.023;0;0;0;197.000.002.861.023;0;0;0;185;738;1421
2026352035;04/07/2016;2767;172.000.002.861.023;172.000.002.861.023;0;0;0;172.000.002.861.023;0;0;0;170;673;1392
2026352035;04/08/2016;3762;232.999.992.370.605;232.999.992.370.605;0;0;0;232.999.992.370.605;0;0;0;173;719;1425
2026352035;04/09/2016;3098;191.999.995.708.466;191.999.995.708.466;0;0;0;191.999.995.708.466;0;0;0;185;700;1413
2026352035;04/10/2016;5142;319.000.005.722.046;319.000.005.722.046;0;0;0;319.000.005.722.046;0;0;0;230;654;1515
2026352035;04/11/2016;3279;202.999.997.138.977;202.999.997.138.977;0;0;0;202.999.997.138.977;0;0;0;164;694;1405
2026352035;04/12/2016;1019;0.629999995231628;0.629999995231628;0;0;0;0.629999995231628;0;0;0;64;223;600
2320127002;04/01/2016;0;0;0;0;0;0;0;0;0;0;0;1440;1324
2320127002;04/02/2016;0;0;0;0;0;0;0;0;0;0;0;1440;1324
2320127002;04/03/2016;0;0;0;0;0;0;0;0;0;0;0;1440;1324
2320127002;04/04/2016;0;0;0;0;0;0;0;0;0;0;0;1440;1324
2320127002;04/05/2016;4931;33.199.999.332.428;33.199.999.332.428;0;0;0;33.199.999.332.428;0;0;0;175;1265;1708
2320127002;04/06/2016;6999;471.999.979.019.165;471.999.979.019.165;0;0;0;471.999.979.019.165;0;0;0;320;1120;1950
2320127002;04/07/2016;1846;124.000.000.953.674;124.000.000.953.674;0;0;0;124.000.000.953.674;0;0;0;93;1347;1508
2320127002;04/08/2016;3417;229.999.995.231.628;229.999.995.231.628;0;0;0;229.999.995.231.628;0;0;0;153;1287;1625
2320127002;04/09/2016;4863;327.999.997.138.977;327.999.997.138.977;0;0.0599999986588955;0.419999986886978;279.999.995.231.628;0;1;11;208;1220;1772
2320127002;04/10/2016;2277;152.999.997.138.977;152.999.997.138.977;0;0;0;152.999.997.138.977;0;0;0;103;1337;1530
2320127002;04/11/2016;11230;767.000.007.629.395;767.000.007.629.395;0;0.889999985694885;0.119999997317791;665.999.984.741.211;0;10;2;390;1038;2206
2320127002;04/12/2016;2098;14.099.999.666.214;14.099.999.666.214;0;0;0;14.099.999.666.214;0;0;0;69;617;790
2347167796;3/29/2016;10272;678.999.996.185.303;678.999.996.185.303;0;0.159999996423721;311.999.988.555.908;3.5;0;2;58;208;700;2041
2347167796;3/30/2016;10533;709.999.990.463.257;709.999.990.463.257;0;176.999.998.092.651;205.999.994.277.954;326.999.998.092.651;0;21;35;255;615;2187
2347167796;3/31/2016;6760;446.999.979.019.165;446.999.979.019.165;0;0;0;446.999.979.019.165;0;0;0;250;613;1929
2347167796;04/01/2016;8328;551.000.022.888.184;551.000.022.888.184;0;0;2;3.5;0;0;33;212;804;1935
2347167796;04/02/2016;15459;102.200.002.670.288;102.200.002.670.288;0;358.999.991.416.931;0.810000002384186;582.000.017.166.138;0;51;16;327;583;2438
2347167796;04/03/2016;7485;494.999.980.926.514;494.999.980.926.514;0;0;0;494.999.980.926.514;0;0;0;324;491;2035
2347167796;04/04/2016;10254;680.000.019.073.486;680.000.019.073.486;0;141.999.995.708.466;123.000.001.907.349;415.999.984.741.211;0;21;25;231;638;2099
2347167796;04/05/2016;10114;682.000.017.166.138;682.000.017.166.138;0;163.999.998.569.489;0.479999989271164;467.999.982.833.862;0;18;9;269;696;2096
2347167796;04/06/2016;11107;734.000.015.258.789;734.000.015.258.789;0;0.899999976158142;275.999.999.046.326;36.800.000.667.572;0;14;46;196;759;2058
2347167796;04/07/2016;10320;684.999.990.463.257;684.999.990.463.257;0;0.680000007152557;123.000.001.907.349;494.000.005.722.046;0;15;32;315;1002;2338
2347167796;04/08/2016;10209;6.75;6.75;0;0.159999996423721;0.349999994039536;623.000.001.907.349;0;2;6;316;711;2104
2347167796;04/09/2016;16081;106.300.001.144.409;106.300.001.144.409;0;1.25;182.000.005.245.209;755.999.994.277.954;0;16;32;401;970;2488
2347167796;04/10/2016;10078;682.999.992.370.605;682.999.992.370.605;0;101.999.998.092.651;0.119999997317791;569.000.005.722.046;0;12;3;303;463;2164
2347167796;04/11/2016;10001;66.100.001.335.144;66.100.001.335.144;0;0.330000013113022;29.300.000.667.572;335.999.989.509.583;0;5;52;196;788;2009
2347167796;04/12/2016;0;0;0;0;0;0;0;0;0;0;0;425;399
2873212765;04/01/2016;890;0.600000023841858;0.600000023841858;0;0;0;0.600000023841858;0;0;0;41;1399;1335
2873212765;04/02/2016;2214;149.000.000.953.674;149.000.000.953.674;0;0;0;149.000.000.953.674;0;0;0;197;1243;1559
2873212765;04/03/2016;7640;513.000.011.444.092;513.000.011.444.092;0;0.189999997615814;0.800000011920929;415.000.009.536.743;0;3;15;315;1107;1845
2873212765;04/04/2016;9713;653.000.020.980.835;653.000.020.980.835;0;0.340000003576279;0.889999985694885;528.999.996.185.303;0;6;24;355;1055;2046
2873212765;04/05/2016;8432;567.000.007.629.395;567.000.007.629.395;0;0;0;565.000.009.536.743;0.00999999977648258;0;0;374;1066;1953
2873212765;04/06/2016;7350;494.000.005.722.046;494.000.005.722.046;0;0;0;494.000.005.722.046;0;0;0;382;1058;1910
2873212765;04/07/2016;9353;630.999.994.277.954;630.999.994.277.954;0;0.370000004768372;0.689999997615814;523.999.977.111.816;0;5;17;363;1055;2035
2873212765;04/08/2016;7157;480.999.994.277.954;480.999.994.277.954;0;0;0;480.999.994.277.954;0;0;0;380;1060;1944
2873212765;04/09/2016;14103;95.600.004.196.167;95.600.004.196.167;0;301.999.998.092.651;0.409999996423721;61.399.998.664.856;0.00999999977648258;46;8;288;1098;2257
2873212765;04/10/2016;5290;354.999.995.231.628;354.999.995.231.628;0;0.0399999991059303;0.340000003576279;317.000.007.629.395;0;1;8;251;1180;1724
2873212765;04/11/2016;7497;503.999.996.185.303;503.999.996.185.303;0;0;0;503.999.996.185.303;0;0;0;357;882;1741
2873212765;04/12/2016;0;0;0;0;0;0;0;0;0;0;0;1440;0
2891001357;3/29/2016;0;0;0;0;0;0;0;0;0;0;0;1440;1920
2891001357;3/30/2016;0;0;0;0;0;0;0;0;0;0;0;1440;1920
2891001357;3/31/2016;0;0;0;0;0;0;0;0;0;0;0;1440;1920
2891001357;04/01/2016;0;0;0;482.803.201.675.415;0;0;0;0;0;660;0;780;4562
2891001357;04/02/2016;4126;322.000.002.861.023;0;321.868.801.116.943;0;0;322.000.002.861.023;0;0;0;720;720;2881
2891001357;04/03/2016;0;0;0;0;0;0;0;0;0;0;0;1440;1920
2891001357;04/04/2016;0;0;0;0;0;0;0;0;0;0;0;1440;1920
2891001357;04/05/2016;2063;161.000.001.430.511;0;160.934.400.558.472;0;0;161.000.001.430.511;0;0;0;630;99;1144
3372868164;04/01/2016;5785;395.000.004.768.372;395.000.004.768.372;0;0;0;391.000.008.583.069;0.0399999991059303;0;0;311;1129;1852
3372868164;04/02/2016;7625;523.000.001.907.349;523.000.001.907.349;0;167.999.994.754.791;0.0399999991059303;3.5;0.00999999977648258;24;1;341;1074;2069
3372868164;04/03/2016;4706;321.000.003.814.697;321.000.003.814.697;0;0;0;321.000.003.814.697;0;0;0;299;1141;1816
3372868164;04/04/2016;5861;401.999.998.092.651;401.999.998.092.651;0;129.999.995.231.628;0.219999998807907;249.000.000.953.674;0.00999999977648258;20;7;233;1180;1878
3372868164;04/05/2016;4460;303.999.996.185.303;303.999.996.185.303;0;0;0;301.999.998.092.651;0.0299999993294477;0;0;248;1192;1787
3372868164;04/06/2016;6406;43.899.998.664.856;43.899.998.664.856;0;0.779999971389771;0.0900000035762787;351.999.998.092.651;0.00999999977648258;17;4;325;1094;2010
3372868164;04/07/2016;7392;509.999.990.463.257;509.999.990.463.257;0;0.870000004768372;0.159999996423721;405.000.019.073.486;0.0199999995529652;14;9;332;1085;2038
3372868164;04/08/2016;5551;378.999.996.185.303;378.999.996.185.303;0;0;0;376.999.998.092.651;0.00999999977648258;0;0;282;1158;1815
3372868164;04/09/2016;8827;6.25;6.25;0;176.999.998.092.651;0.479999989271164;4;0.00999999977648258;21;10;346;1063;2062
3372868164;04/10/2016;4662;31.800.000.667.572;31.800.000.667.572;0;103.999.996.185.303;0.150000005960464;199.000.000.953.674;0;22;4;152;735;1276
3977333714;04/01/2016;4499;300.999.999.046.326;300.999.999.046.326;0;0;0;300.999.999.046.326;0;0;0;168;842;1288
3977333714;04/02/2016;7618;509.999.990.463.257;509.999.990.463.257;0;0;0.180000007152557;490.999.984.741.211;0;0;6;302;842;1490
3977333714;04/03/2016;11508;769.999.980.926.514;769.999.980.926.514;0;217.000.007.629.395;0.839999973773956;469.000.005.722.046;0;29;22;282;748;1630
3977333714;04/04/2016;11943;798.999.977.111.816;798.999.977.111.816;0;102.999.997.138.977;200.999.999.046.326;494.999.980.926.514;0;16;43;297;710;1648
3977333714;04/05/2016;12303;822.999.954.223.633;822.999.954.223.633;0;171.000.003.814.697;135.000.002.384.186;517.000.007.629.395;0;26;32;291;605;1649
3977333714;04/06/2016;15425;103.199.996.948.242;103.199.996.948.242;0;162.000.000.476.837;182.000.005.245.209;686.999.988.555.908;0;24;45;331;614;1783
3977333714;04/07/2016;8422;563.000.011.444.092;563.000.011.444.092;0;0;359.999.990.463.257;203.999.996.185.303;0;0;81;139;815;1431
3977333714;04/08/2016;10226;684.000.015.258.789;684.000.015.258.789;0;0;444.000.005.722.046;240.000.009.536.743;0;0;101;174;685;1524
3977333714;04/09/2016;14583;976.000.022.888.184;976.000.022.888.184;0;248.000.001.907.349;174.000.000.953.674;553.000.020.980.835;0;35;36;254;697;1697
3977333714;04/10/2016;3573;239.000.010.490.417;239.000.010.490.417;0;0.939999997615814;0.409999996423721;0.970000028610229;0;15;8;99;866;1232
3977333714;04/11/2016;3108;214.000.010.490.417;214.000.010.490.417;0;0.0700000002980232;0.0399999991059303;196.000.003.814.697;0;1;1;129;894;1223
3977333714;04/12/2016;759;0.569999992847443;0.569999992847443;0;0;0;0.569999992847443;0;0;0;17;187;182
4020332650;03/12/2016;5543;397.000.002.861.023;397.000.002.861.023;0;0;0;396.000.003.814.697;0.00999999977648258;0;0;254;757;2990
4020332650;3/13/2016;3226;230.999.994.277.954;230.999.994.277.954;0;0;0;227.999.997.138.977;0;0;0;136;771;2480
4020332650;3/14/2016;3023;217.000.007.629.395;217.000.007.629.395;0;0;0;214.000.010.490.417;0;0;0;145;1005;2570
4020332650;3/15/2016;5906;423.000.001.907.349;423.000.001.907.349;0;0;0.159999996423721;403.999.996.185.303;0;0;10;215;874;3016
4020332650;3/16/2016;12483;898.999.977.111.816;898.999.977.111.816;0;145.000.004.768.372;0.569999992847443;690.000.009.536.743;0;25;14;309;599;3830
4020332650;3/17/2016;8940;640.999.984.741.211;640.999.984.741.211;0;0;0;0.610000014305115;0.0399999991059303;0;0;47;986;3706
4020332650;3/18/2016;368;0.259999990463257;0.259999990463257;0;0;0;0;0;0;0;0;1440;2024
4020332650;3/19/2016;5702;409.000.015.258.789;409.000.015.258.789;0;0;0;0;0;0;0;0;1440;2980
4020332650;3/20/2016;10330;740.999.984.741.211;740.999.984.741.211;0;0;0;0;0;0;0;0;1440;3728
4020332650;3/21/2016;8778;628.999.996.185.303;628.999.996.185.303;0;0;0;0;0;0;0;0;1440;3348
4020332650;3/22/2016;6662;478.000.020.980.835;478.000.020.980.835;0;0;0;0;0;0;0;0;1440;3162
4020332650;3/23/2016;6309;451.999.998.092.651;451.999.998.092.651;0;0;0;0;0;0;0;0;1440;3140
4020332650;3/24/2016;1951;14.099.999.666.214;14.099.999.666.214;0;0;0;0;0;0;0;0;1440;1980
4020332650;3/25/2016;5563;399.000.000.953.674;399.000.000.953.674;0;0;0;0;0;0;0;0;1440;3681
4020332650;3/26/2016;4370;313.000.011.444.092;313.000.011.444.092;0;0;0;0;0;0;0;0;1440;3444
4020332650;3/27/2016;7144;511.999.988.555.908;511.999.988.555.908;0;0;0;0;0;0;0;0;1440;3510
4020332650;3/28/2016;2106;150.999.999.046.326;150.999.999.046.326;0;0.0199999995529652;0.0500000007450581;0.209999993443489;0;31;45;75;1289;4010
4020332650;3/29/2016;4152;298.000.001.907.349;298.000.001.907.349;0;0;0;296.000.003.814.697;0;0;0;187;1253;2976
4020332650;3/30/2016;5400;386.999.988.555.908;386.999.988.555.908;0;0;0;384.999.990.463.257;0;0;0;258;795;3418
4020332650;3/31/2016;7428;532.999.992.370.605;532.999.992.370.605;0;0.870000004768372;0.920000016689301;350.999.999.046.326;0;18;33;261;860;3439
4020332650;04/01/2016;5351;383.999.991.416.931;383.999.991.416.931;0;0.620000004768372;0.180000007152557;300.999.999.046.326;0;15;17;210;748;3338
4020332650;04/02/2016;4299;309.999.990.463.257;309.999.990.463.257;0;0.0900000035762787;0.209999993443489;274.000.000.953.674;0.0399999991059303;3;15;162;752;2892
4020332650;04/03/2016;6107;438.000.011.444.092;438.000.011.444.092;0;0;0;43.600.001.335.144;0;0;0;265;776;3313
4020332650;04/04/2016;6429;459.999.990.463.257;459.999.990.463.257;0;0;0.949999988079071;365.000.009.536.743;0;0;28;193;741;3118
4020332650;04/05/2016;6880;492.999.982.833.862;492.999.982.833.862;0;0.5;0.759999990463257;365.000.009.536.743;0;7;19;165;1249;2966
4020332650;04/06/2016;7476;53.600.001.335.144;53.600.001.335.144;0;0;0;530.999.994.277.954;0;0;0;263;920;3253
4020332650;04/07/2016;6581;471.999.979.019.165;471.999.979.019.165;0;0;0.28999999165535;43.899.998.664.856;0;0;8;241;1191;3032
4020332650;04/08/2016;10480;751.000.022.888.184;751.000.022.888.184;0;0.409999996423721;147.000.002.861.023;501.000.022.888.184;0.0399999991059303;6;37;272;1125;4034
4020332650;04/09/2016;7734;555.000.019.073.486;555.000.019.073.486;0;11.599.999.666.214;0.490000009536743;38.199.999.332.428;0.0599999986588955;20;12;223;1185;3264
4020332650;04/10/2016;5129;36.800.000.667.572;36.800.000.667.572;0;0.180000007152557;0.239999994635582;321.000.003.814.697;0.00999999977648258;5;7;176;1178;2817
4020332650;04/11/2016;2993;215.000.009.536.743;215.000.009.536.743;0;0;0;208.999.991.416.931;0;0;0;114;888;2507
4020332650;04/12/2016;8;0.00999999977648258;0.00999999977648258;0;0;0;0.00999999977648258;0;0;0;1;321;446
4057192912;03/12/2016;0;0;0;0;0;0;0;0;0;0;0;1440;1777
4057192912;3/13/2016;0;0;0;0;0;0;0;0;0;0;0;1440;1777
4057192912;3/14/2016;8433;623.000.001.907.349;623.000.001.907.349;0;245.000.004.768.372;0.330000013113022;344.000.005.722.046;0;30;7;135;1268;2453
4057192912;3/15/2016;0;0;0;0;0;0;0;0;0;0;0;1440;1776
4057192912;3/16/2016;2139;155.999.994.277.954;155.999.994.277.954;0;0;129.999.995.231.628;0.259999990463257;0;0;28;15;1397;1935
4057192912;3/17/2016;0;0;0;0;0;0;0;0;0;0;0;1440;1776
4057192912;3/18/2016;949;0.689999997615814;0.689999997615814;0;0;0;0.689999997615814;0;0;0;34;1406;1870
4057192912;3/19/2016;0;0;0;0;0;0;0;0;0;0;0;1440;1777
4057192912;3/20/2016;44;0.0299999993294477;0.0299999993294477;0;0;0;0.0299999993294477;0;0;0;2;1438;1782
4057192912;3/21/2016;2660;194.000.005.722.046;194.000.005.722.046;0;0;0;194.000.005.722.046;0;0;0;46;1394;1978
4057192912;3/22/2016;5561;419.000.005.722.046;419.000.005.722.046;0;0;0;407.000.017.166.138;0;0;0;169;1271;2296
4057192912;3/23/2016;7239;534.000.015.258.789;534.000.015.258.789;0;0.550000011920929;0.360000014305115;438.000.011.444.092;0;7;7;190;1236;2484
4057192912;3/24/2016;7;0.00999999977648258;0.00999999977648258;0;0;0;0.00999999977648258;0;0;0;1;1439;1787
4057192912;3/25/2016;0;0;0;0;0;0;0;0;0;0;0;1440;1776
4057192912;3/26/2016;0;0;0;0;0;0;0;0;0;0;0;1440;1776
4057192912;3/27/2016;2275;167.999.994.754.791;167.999.994.754.791;0;0;0;16.599.999.666.214;0;0;0;86;1354;2005
4057192912;3/28/2016;8;0.00999999977648258;0.00999999977648258;0;0;0;0.00999999977648258;0;0;0;1;1439;1778
4057192912;3/29/2016;5137;375.999.999.046.326;375.999.999.046.326;0;0;0;375.999.999.046.326;0;0;0;160;1280;2293
4057192912;3/30/2016;5419;4;457.000.017.166.138;0.055842999368906;0;0;391.000.008.583.069;0.0599999986588955;0;0;145;1295;2259
4057192912;3/31/2016;0;0;0;0;0;0;0;0;0;0;0;1440;1776
4057192912;04/01/2016;0;0;0;0;0;0;0;0;0;0;0;1440;1776
4057192912;04/02/2016;0;0;0;0;0;0;0;0;0;0;0;1440;1776
4057192912;04/03/2016;0;0;0;0;0;0;0;0;0;0;0;1440;1776
4057192912;04/04/2016;0;0;0;0;0;0;0;0;0;0;0;1440;1776
4057192912;04/05/2016;0;0;0;0;0;0;0;0;0;0;0;1440;1776
4057192912;04/06/2016;18;0.00999999977648258;0.00999999977648258;0;0;0;0.00999999977648258;0;0;0;2;1438;1780
4057192912;04/07/2016;4;0;0;0;0;0;0;0;0;0;1;1439;1778
4057192912;04/08/2016;8426;615.999.984.741.211;615.999.984.741.211;0;0.129999995231628;548.999.977.111.816;0.540000021457672;0;2;120;25;1293;2360
4057192912;04/09/2016;1650;121.000.003.814.697;121.000.003.814.697;0;0;0;121.000.003.814.697;0;0;0;60;1380;1952
4057192912;04/10/2016;3434;250.999.999.046.326;250.999.999.046.326;0;0.0700000002980232;0.300000011920929;214.000.010.490.417;0;1;7;108;1324;2101
4057192912;04/11/2016;6801;498.000.001.907.349;498.000.001.907.349;0;0;0;496.999.979.019.165;0;0;0;193;1247;2393
4057192912;04/12/2016;187;0.140000000596046;0.140000000596046;0;0;0;0.140000000596046;0;0;0;11;400;538
4319703577;3/29/2016;5643;378.999.996.185.303;378.999.996.185.303;0;0.230000004172325;0.330000013113022;323.000.001.907.349;0;3;8;199;683;1958
4319703577;3/30/2016;9043;607.000.017.166.138;607.000.017.166.138;0;0.25;0.430000007152557;536.999.988.555.908;0;4;12;244;702;2141
4319703577;3/31/2016;8144;546.000.003.814.697;546.000.003.814.697;0;0.25;0.610000014305115;46.100.001.335.144;0;4;17;247;1125;2129
4319703577;04/01/2016;9343;626.999.998.092.651;626.999.998.092.651;0;0.959999978542328;0.850000023841858;446.000.003.814.697;0;14;20;268;654;2216
4319703577;04/02/2016;8405;565.999.984.741.211;565.999.984.741.211;0;112.999.999.523.163;0.189999997615814;434.000.015.258.789;0;15;4;257;621;2154
4319703577;04/03/2016;8223;551.999.998.092.651;551.999.998.092.651;0;0.800000011920929;150.999.999.046.326;321.000.003.814.697;0;12;37;257;551;2178
4319703577;04/04/2016;10067;676.000.022.888.184;676.000.022.888.184;0;0.360000014305115;141.999.995.708.466;496.999.979.019.165;0;5;39;313;578;2308
4319703577;04/05/2016;8359;563.000.011.444.092;563.000.011.444.092;0;0.230000004172325;0.529999971389771;486.999.988.555.908;0;3;14;311;638;2201
4319703577;04/06/2016;10946;734.999.990.463.257;734.999.990.463.257;0;0.540000021457672;208.999.991.416.931;471.999.979.019.165;0;8;51;308;569;2341
4319703577;04/07/2016;9130;615.000.009.536.743;615.000.009.536.743;0;0.5;0.379999995231628;526.999.998.092.651;0;7;11;304;668;2236
4319703577;04/08/2016;6544;440.999.984.741.211;440.999.984.741.211;0;0.28999999165535;0.259999990463257;385.999.989.509.583;0;4;6;276;1132;2069
4319703577;04/09/2016;0;0;0;0;0;0;0;0;0;0;0;1440;0
4388161847;3/29/2016;0;0;0;0;0;0;0;0;0;0;0;1440;1878
4388161847;3/30/2016;0;0;0;0;0;0;0;0;0;0;0;1440;1878
4388161847;3/31/2016;0;0;0;0;0;0;0;0;0;0;0;1440;1878
4388161847;04/01/2016;0;0;0;0;0;0;0;0;0;0;0;1440;1878
4388161847;04/02/2016;0;0;0;0;0;0;0;0;0;0;0;1440;1878
4388161847;04/03/2016;0;0;0;0;0;0;0;0;0;0;0;1440;1878
4388161847;04/04/2016;0;0;0;0;0;0;0;0;0;0;0;1440;1878
4388161847;04/05/2016;0;0;0;0;0;0;0;0;0;0;0;994;1296
4445114986;3/29/2016;2303;154.999.995.231.628;154.999.995.231.628;0;0;0;154.999.995.231.628;0;0;0;155;807;2010
4445114986;3/30/2016;2600;174.000.000.953.674;174.000.000.953.674;0;0;0;174.000.000.953.674;0;0;0;163;1277;2032
4445114986;3/31/2016;4804;322.000.002.861.023;322.000.002.861.023;0;0;0;322.000.002.861.023;0;0;0;238;786;2227
4445114986;04/01/2016;3271;219.000.005.722.046;219.000.005.722.046;0;0;0;219.000.005.722.046;0;0;0;205;898;2133
4445114986;04/02/2016;5406;363.000.011.444.092;363.000.011.444.092;0;0;0;360.999.989.509.583;0;0;0;273;672;2317
4445114986;04/03/2016;3146;210.999.989.509.583;210.999.989.509.583;0;0;0;210.999.989.509.583;0;0;0;171;1269;2058
4445114986;04/04/2016;2422;162.999.999.523.163;162.999.999.523.163;0;0;0;162.999.999.523.163;0;0;0;110;1330;1935
4445114986;04/05/2016;4239;283.999.991.416.931;283.999.991.416.931;0;0.0599999986588955;0.239999994635582;252.999.997.138.977;0;1;6;235;702;2217
4445114986;04/06/2016;6911;478.000.020.980.835;478.000.020.980.835;0;23.199.999.332.428;0.100000001490116;235.999.989.509.583;0;28;2;215;745;2374
4445114986;04/07/2016;6667;46.100.001.335.144;46.100.001.335.144;0;201.999.998.092.651;0.0500000007450581;254.999.995.231.628;0;24;1;208;939;2335
4445114986;04/08/2016;5543;372.000.002.861.023;372.000.002.861.023;0;0;0;372.000.002.861.023;0;0;0;266;941;2303
4445114986;04/09/2016;4195;280.999.994.277.954;280.999.994.277.954;0;0;0;280.999.994.277.954;0;0;0;239;758;2210
4445114986;04/10/2016;6625;444.999.980.926.514;444.999.980.926.514;0;0;0;444.999.980.926.514;0;0;0;316;755;2424
4445114986;04/11/2016;5986;413.000.011.444.092;413.000.011.444.092;0;195.000.004.768.372;0.230000004172325;195.000.004.768.372;0;23;5;195;789;2297
4445114986;04/12/2016;278;0.189999997615814;0.189999997615814;0;0;0;0.189999997615814;0;0;0;20;253;745
4558609924;04/01/2016;5336;352.999.997.138.977;352.999.997.138.977;0;0;0;352.999.997.138.977;0;0;0;258;1182;1902
4558609924;04/02/2016;3183;209.999.990.463.257;209.999.990.463.257;0;0;0;209.999.990.463.257;0;0;0;173;1180;1680
4558609924;04/03/2016;6176;407.999.992.370.605;407.999.992.370.605;0;0.0700000002980232;0.259999990463257;3.75;0;1;7;269;886;1901
4558609924;04/04/2016;8205;542.000.007.629.395;542.000.007.629.395;0;0;0;542.000.007.629.395;0;0;0;367;1073;2078
4558609924;04/05/2016;6799;448.999.977.111.816;448.999.977.111.816;0;15.900.000.333.786;0.860000014305115;203.999.996.185.303;0;24;14;185;1217;1876
4558609924;04/06/2016;5668;3.75;3.75;0;0;0;3.75;0;0;0;259;1181;1853
4558609924;04/07/2016;7998;528.999.996.185.303;528.999.996.185.303;0;0.509999990463257;0.25;453.000.020.980.835;0;27;12;296;1105;2235
4558609924;04/08/2016;4195;276.999.998.092.651;276.999.998.092.651;0;0;0;276.999.998.092.651;0;0;0;241;1199;1778
4558609924;04/09/2016;5512;364.000.010.490.417;364.000.010.490.417;0;0;0;364.000.010.490.417;0;0;0;276;1164;1882
4558609924;04/10/2016;6263;41.399.998.664.856;41.399.998.664.856;0;0;0;413.000.011.444.092;0;0;0;290;1150;1906
4558609924;04/11/2016;8828;584.000.015.258.789;584.000.015.258.789;0;0;0;584.000.015.258.789;0;0;0;308;1132;2149
4558609924;04/12/2016;1260;0.829999983310699;0.829999983310699;0;0;0;0.819999992847443;0;0;0;76;555;722
4702921684;3/29/2016;6506;528.000.020.980.835;528.000.020.980.835;0;0.330000013113022;0.270000010728836;467.000.007.629.395;0;4;5;241;760;2886
4702921684;3/30/2016;7583;615.000.009.536.743;615.000.009.536.743;0;0.25;0.550000011920929;534.999.990.463.257;0;3;13;227;742;2915
4702921684;3/31/2016;6963;565.000.009.536.743;565.000.009.536.743;0;0;0;565.000.009.536.743;0;0;0;256;759;2895
4702921684;04/01/2016;7165;580.999.994.277.954;580.999.994.277.954;0;0;0.370000004768372;544.000.005.722.046;0;0;9;248;708;2923
4702921684;04/02/2016;10328;838.000.011.444.092;838.000.011.444.092;0;0;146.000.003.814.697;692.000.007.629.395;0;0;32;367;475;3323
4702921684;04/03/2016;12116;982.999.992.370.605;982.999.992.370.605;0;0.25;284.999.990.463.257;671.999.979.019.165;0;3;57;323;471;3357
4702921684;04/04/2016;7810;63.600.001.335.144;63.600.001.335.144;0;0.479999989271164;120.000.004.768.372;467.999.982.833.862;0;6;27;216;746;2931
4702921684;04/05/2016;6670;540.999.984.741.211;540.999.984.741.211;0;124.000.000.953.674;0.800000011920929;336.999.988.555.908;0;15;16;199;770;2848
4702921684;04/06/2016;7605;617.999.982.833.862;617.999.982.833.862;0;0.330000013113022;0.209999993443489;563.000.011.444.092;0;4;4;248;708;2943
4702921684;04/07/2016;6585;534.000.015.258.789;534.000.015.258.789;0;0;0;534.000.015.258.789;0;0;0;210;770;2822
4702921684;04/08/2016;8184;66.399.998.664.856;66.399.998.664.856;0;0;0.620000004768372;594.999.980.926.514;0;0;15;247;808;2981
4702921684;04/09/2016;14002;113.599.996.566.772;113.599.996.566.772;0;0.610000014305115;26.800.000.667.572;80.600.004.196.167;0;8;56;381;407;3597
4702921684;04/10/2016;11135;902.999.973.297.119;902.999.973.297.119;0;0.0799999982118607;11.599.999.666.214;778.999.996.185.303;0;1;25;331;528;3224
4702921684;04/11/2016;6499;526.999.998.092.651;526.999.998.092.651;0;0;0;526.999.998.092.651;0;0;0;207;809;2677
4702921684;04/12/2016;0;0;0;0;0;0;0;0;0;0;0;1440;0
5553957443;04/01/2016;12409;810.000.038.146.973;810.000.038.146.973;0;290.000.009.536.743;0.629999995231628;457.999.992.370.605;0;51;12;235;782;2142
5553957443;04/02/2016;2937;191.999.995.708.466;191.999.995.708.466;0;0;0;19.099.999.666.214;0;0;0;181;356;1615
5553957443;04/03/2016;1515;0.990000009536743;0.990000009536743;0;0;0;0.990000009536743;0;0;0;93;507;1481
5553957443;04/04/2016;8921;588.000.011.444.092;588.000.011.444.092;0;20.699.999.332.428;0.439999997615814;335.999.989.509.583;0;27;8;198;754;1892
5553957443;04/05/2016;11306;738.000.011.444.092;738.000.011.444.092;0;230.999.994.277.954;0.980000019073486;409.000.015.258.789;0;40;26;218;772;2086
5553957443;04/06/2016;12252;8;8;0;241.000.008.583.069;170.000.004.768.372;389.000.010.490.417;0;33;28;229;745;2044
5553957443;04/07/2016;15444;100.799.999.237.061;100.799.999.237.061;0;326.999.998.092.651;173.000.001.907.349;507.999.992.370.605;0;51;39;243;731;2249
5553957443;04/08/2016;9938;648.999.977.111.816;648.999.977.111.816;0;214.000.010.490.417;127.999.997.138.977;307.999.992.370.605;0;38;24;193;767;2019
5553957443;04/09/2016;4599;3;3;0;0;0;3;0;0;0;176;578;1692
5553957443;04/10/2016;5594;365.000.009.536.743;365.000.009.536.743;0;0.280000001192093;148.000.001.907.349;188.999.998.569.489;0;4;25;150;552;1712
5553957443;04/11/2016;11906;776.999.998.092.651;776.999.998.092.651;0;225.999.999.046.326;151.999.998.092.651;399.000.000.953.674;0;32;27;234;688;2065
5553957443;04/12/2016;3436;224.000.000.953.674;224.000.000.953.674;0;0.5;0.670000016689301;104.999.995.231.628;0;7;11;50;61;633
5577150313;04/01/2016;10461;786.999.988.555.908;786.999.988.555.908;0;476.000.022.888.184;0.850000023841858;2.25;0;99;31;142;721;3625
5577150313;04/02/2016;14873;111.099.996.566.772;111.099.996.566.772;0;81.899.995.803.833;0.600000023841858;230.999.994.277.954;0;202;36;153;663;4430
5577150313;04/03/2016;9917;740.999.984.741.211;740.999.984.741.211;0;199.000.000.953.674;0.970000028610229;444.000.005.722.046;0;58;27;240;700;3427
5577150313;04/04/2016;7401;555.999.994.277.954;555.999.994.277.954;0;23.199.999.332.428;0.360000014305115;288.000.011.444.092;0;70;19;204;689;3492
5577150313;04/05/2016;8964;669.999.980.926.514;669.999.980.926.514;0;397.000.002.861.023;0.189999997615814;252.999.997.138.977;0;107;18;145;756;3597
5577150313;04/06/2016;11080;830.000.019.073.486;830.000.019.073.486;0;313.000.011.444.092;137.000.000.476.837;380.999.994.277.954;0;83;52;190;695;3765
5577150313;04/07/2016;4499;335.999.989.509.583;335.999.989.509.583;0;0.889999985694885;0.259999990463257;221.000.003.814.697;0;31;11;146;756;2775
5577150313;04/08/2016;4363;325.999.999.046.326;325.999.999.046.326;0;0.129999995231628;0.0599999986588955;307.999.992.370.605;0;8;2;156;813;2486
5577150313;04/09/2016;10494;784.000.015.258.789;784.000.015.258.789;0;490.999.984.741.211;0.779999971389771;215.000.009.536.743;0;123;62;138;601;3817
5577150313;04/10/2016;9776;738.000.011.444.092;738.000.011.444.092;0;29.300.000.667.572;142.999.994.754.791;301.999.998.092.651;0;80;35;162;721;3378
5577150313;04/11/2016;2862;214.000.010.490.417;214.000.010.490.417;0;103.999.996.185.303;0.25;0.839999973773956;0;39;17;54;209;1511
6117666160;04/01/2016;7444;561.999.988.555.908;561.999.988.555.908;0;0;0;561.999.988.555.908;0;0;0;286;568;2210
6117666160;04/02/2016;19658;148.400.001.525.879;148.400.001.525.879;0;0.239999994635582;208.999.991.416.931;125.100.002.288.818;0;3;30;475;466;2884
6117666160;04/03/2016;0;0;0;0;0;0;0;0;0;0;0;1440;1496
6117666160;04/04/2016;8468;63.899.998.664.856;63.899.998.664.856;0;0.180000007152557;0.639999985694885;557.000.017.166.138;0;2;11;279;1148;2262
6117666160;04/05/2016;9910;748.000.001.907.349;748.000.001.907.349;0;0;0;748.000.001.907.349;0;0;0;384;990;2445
6117666160;04/06/2016;12409;936.999.988.555.908;936.999.988.555.908;0;0;0;936.999.988.555.908;0;0;0;491;388;2694
6117666160;04/07/2016;4853;366.000.008.583.069;366.000.008.583.069;0;0;0;366.000.008.583.069;0;0;0;156;770;1903
6117666160;04/08/2016;8955;676.000.022.888.184;676.000.022.888.184;0;0;0;673.000.001.907.349;0;0;0;422;1018;2482
6117666160;04/09/2016;10789;814.999.961.853.027;814.999.961.853.027;0;0;0;814.999.961.853.027;0;0;0;506;413;2617
6117666160;04/10/2016;0;0;0;0;0;0;0;0;0;0;0;1440;0
6290855005;04/01/2016;6633;501.000.022.888.184;501.000.022.888.184;0;0;0;501.000.022.888.184;0;0;0;280;1160;2778
6290855005;04/02/2016;9548;721.999.979.019.165;721.999.979.019.165;0;201.999.998.092.651;36.800.000.667.572;151.999.998.092.651;0;25;107;113;1195;3119
6290855005;04/03/2016;0;0;0;0;0;0;0;0;33;0;0;1407;2664
6290855005;04/04/2016;0;0;0;0;0;0;0;0;0;0;0;1440;2060
6290855005;04/05/2016;0;0;0;0;0;0;0;0;0;0;0;1440;2060
6290855005;04/06/2016;0;0;0;0;0;0;0;0;0;0;0;1440;2060
6290855005;04/07/2016;0;0;0;0;0;0;0;0;0;0;0;1440;2060
6290855005;04/08/2016;0;0;0;0;0;0;0;0;0;0;0;1440;2060
6290855005;04/09/2016;0;0;0;0;0;0;0;0;0;0;0;1440;2060
6290855005;04/10/2016;0;0;0;0;0;0;0;0;20;0;0;494;735
6391747486;04/01/2016;0;0;0;0;0;0;0;0;0;0;0;1440;1820
6391747486;04/02/2016;2101;202.999.997.138.977;0;202.777.290.344.238;202.999.997.138.977;0;0;0;46;0;0;1394;2224
6391747486;04/03/2016;0;0;0;0;0;0;0;0;0;0;0;1440;1820
6391747486;04/04/2016;0;0;0;0;0;0;0;0;0;0;0;1440;1820
6391747486;04/05/2016;9766;751.000.022.888.184;0.779999971389771;672.705.698.013.306;0;0.0500000007450581;746.000.003.814.697;0;0;6;301;1133;2442
6391747486;04/06/2016;165;0.129999995231628;0.129999995231628;0;0;0;0.129999995231628;0;0;0;8;1432;1849
6391747486;04/07/2016;0;0;0;0;0;0;0;0;0;0;0;1440;1822
6391747486;04/08/2016;0;0;0;0;0;0;0;0;0;0;0;1440;1820
6391747486;04/09/2016;0;0;0;0;0;0;0;0;0;0;0;198;251
6775888955;04/01/2016;7225;517.999.982.833.862;517.999.982.833.862;0;173.000.001.907.349;126.999.998.092.651;21.800.000.667.572;0;25;50;163;1189;3065
6775888955;04/02/2016;1988;142.999.994.754.791;142.999.994.754.791;0;0;0;142.999.994.754.791;0;0;0;79;909;2207
6775888955;04/03/2016;1577;112.999.999.523.163;112.999.999.523.163;0;0.0700000002980232;0.889999985694885;0.170000001788139;0;1;17;8;1414;1977
6775888955;04/04/2016;0;0;0;0;0;0;0;0;0;0;0;1440;1841
6775888955;04/05/2016;9348;669.999.980.926.514;669.999.980.926.514;0;112.999.999.523.163;203.999.996.185.303;314.000.010.490.417;0;56;133;240;1011;4286
6775888955;04/06/2016;11761;843.000.030.517.578;843.000.030.517.578;0;130.999.994.277.954;244.000.005.722.046;467.999.982.833.862;0;24;99;300;550;3920
6775888955;04/07/2016;13987;100.299.997.329.712;100.299.997.329.712;0;286.999.988.555.908;333.999.991.416.931;38.199.999.332.428;0;46;114;250;739;3856
6775888955;04/08/2016;4131;296.000.003.814.697;296.000.003.814.697;0;137.000.000.476.837;0.610000014305115;0.980000019073486;0;27;30;75;1308;2584
6775888955;04/09/2016;14;0.00999999977648258;0.00999999977648258;0;0;0;0.00999999977648258;0;0;0;1;601;787
6962181067;3/30/2016;15491;102.399.997.711.182;102.399.997.711.182;0;128.999.996.185.303;448.999.977.111.816;446.000.003.814.697;0;18;77;272;641;2244
6962181067;3/31/2016;14097;931.999.969.482.422;931.999.969.482.422;0;3.5;191.999.995.708.466;390.000.009.536.743;0;50;32;234;595;2188
6962181067;04/01/2016;10467;698.000.001.907.349;698.000.001.907.349;0;0.699999988079071;24.300.000.667.572;384.999.990.463.257;0;9;45;252;602;2014
6962181067;04/02/2016;12437;830.000.019.073.486;830.000.019.073.486;0;375.999.999.046.326;128.999.996.185.303;324.000.000.953.674;0;50;24;219;732;2115
6962181067;04/03/2016;12307;814.000.034.332.275;814.000.034.332.275;0;100.999.999.046.326;325.999.999.046.326;386.999.988.555.908;0;14;51;218;589;2055
6962181067;04/04/2016;18952;128.000.001.907.349;128.000.001.907.349;0;590.999.984.741.211;123.000.001.907.349;565.999.984.741.211;0;73;20;327;570;2437
6962181067;04/05/2016;12010;794.000.005.722.046;794.000.005.722.046;0;238.000.011.444.092;0.949999988079071;46.100.001.335.144;0;38;17;287;692;2158
6962181067;04/06/2016;12480;885.999.965.667.725;8.25;397.279.500.961.304;417.999.982.833.862;0.689999997615814;4;0;55;14;276;593;2170
6962181067;04/07/2016;13417;964.999.961.853.027;886.999.988.555.908;192.630.195.617.676;339.000.010.490.417;1.25;490.999.984.741.211;0.100000001490116;45;16;284;665;2244
6962181067;04/08/2016;14400;108.800.001.144.409;952.000.045.776.367;545.686.388.015.747;247.000.002.861.023;288.000.011.444.092;553.000.020.980.835;0;27;37;276;697;2188
6962181067;04/09/2016;12495;826.000.022.888.184;826.000.022.888.184;0;221.000.003.814.697;10.900.000.333.786;496.000.003.814.697;0;33;19;324;609;2231
6962181067;04/10/2016;10148;671.000.003.814.697;671.000.003.814.697;0;136.000.001.430.511;0.219999998807907;513.000.011.444.092;0;19;7;306;679;2100
6962181067;04/11/2016;12362;909.000.015.258.789;817.000.007.629.395;269.645.500.183.105;10.900.000.333.786;273.000.001.907.349;526.999.998.092.651;0;21;38;297;678;2188
6962181067;04/12/2016;5893;390.000.009.536.743;390.000.009.536.743;0;288.000.011.444.092;0.560000002384186;0.46000000834465;0;43;9;48;146;917
7007744171;04/01/2016;11680;90.600.004.196.167;780.999.994.277.954;4.901.282.787.323;448.999.977.111.816;0.330000013113022;423.999.977.111.816;0;50;7;244;1139;2573
7007744171;04/02/2016;10976;734.000.015.258.789;734.000.015.258.789;0;0.550000011920929;0.670000016689301;613.000.011.444.092;0;9;16;271;1075;2575
7007744171;04/03/2016;16806;112.399.997.711.182;112.399.997.711.182;0;640.999.984.741.211;137.000.000.476.837;347.000.002.861.023;0;104;31;230;1002;3086
7007744171;04/04/2016;15266;113.999.996.185.303;10.210.000.038.147;518.984.985.351.563;580.000.019.073.486;0.759999990463257;478.999.996.185.303;0.0500000007450581;70;21;292;1057;2886
7007744171;04/05/2016;12084;914.000.034.332.275;807.999.992.370.605;483.638.000.488.281;43.899.998.664.856;0.46000000834465;428.999.996.185.303;0;50;6;284;1030;2676
7007744171;04/06/2016;13513;10.25;906.999.969.482.422;483.572.006.225.586;534.999.990.463.257;0.330000013113022;455.999.994.277.954;0;64;8;270;1098;2811
7007744171;04/07/2016;14100;105.799.999.237.061;943.000.030.517.578;487.598.991.394.043;509.999.990.463.257;119.000.005.722.046;428.000.020.980.835;0;61;33;265;1015;2840
7007744171;04/08/2016;12627;964.999.961.853.027;844.999.980.926.514;484.231.996.536.255;469.999.980.926.514;0.740000009536743;421.000.003.814.697;0;54;22;301;1063;2871
7007744171;04/09/2016;10345;692.000.007.629.395;692.000.007.629.395;0;0.0700000002980232;0.270000010728836;657.999.992.370.605;0;2;6;358;1074;2613
7007744171;04/10/2016;10146;678.999.996.185.303;678.999.996.185.303;0;0.0700000002980232;0.610000014305115;61.100.001.335.144;0;1;12;397;1030;2700
7007744171;04/11/2016;12168;814.000.034.332.275;814.000.034.332.275;0;104.999.995.231.628;0.790000021457672;628.999.996.185.303;0;18;27;375;1020;2871
7007744171;04/12/2016;7413;576.999.998.092.651;496.000.003.814.697;48.697.829.246.521;4.5;0.340000003576279;0.939999997615814;0;53;6;43;405;1023
7086361926;04/01/2016;11463;767.000.007.629.395;767.000.007.629.395;0;282.999.992.370.605;188.999.998.569.489;29.300.000.667.572;0;38;30;154;777;2496
7086361926;04/02/2016;87;0.0199999995529652;0.0199999995529652;0;0;0;0.00999999977648258;0;0;0;2;872;1641
7086361926;04/03/2016;1949;130.999.994.277.954;130.999.994.277.954;0;0.230000004172325;0.349999994039536;0.730000019073486;0;3;6;27;1404;1794
7086361926;04/04/2016;6101;386.999.988.555.908;386.999.988.555.908;0;0.529999971389771;0.230000004172325;309.999.990.463.257;0;31;24;138;1247;2421
7086361926;04/05/2016;7478;498.999.977.111.816;498.999.977.111.816;0;179.999.995.231.628;0.529999971389771;260.999.989.509.583;0.0299999993294477;25;33;132;1159;2439
7086361926;04/06/2016;7352;473.000.001.907.349;473.000.001.907.349;0;14.099.999.666.214;0.779999971389771;252.999.997.138.977;0;19;14;124;814;2233
7086361926;04/07/2016;14604;108.199.996.948.242;108.199.996.948.242;0;723.000.001.907.349;112.000.000.476.837;24.300.000.667.572;0.0299999993294477;76;30;127;695;2862
7086361926;04/08/2016;9634;651.999.998.092.651;651.999.998.092.651;0;2.5;139.999.997.615.814;258.999.991.416.931;0;50;48;140;797;2752
7086361926;04/09/2016;7338;467.000.007.629.395;467.000.007.629.395;0;108.000.004.291.534;0.129999995231628;346.000.003.814.697;0;27;5;204;717;2519
7086361926;04/10/2016;569;0.349999994039536;0.349999994039536;0;0;0;0.340000003576279;0;0;0;27;1368;1799
7086361926;04/11/2016;6242;392.000.007.629.395;392.000.007.629.395;0;0.740000009536743;0.230000004172325;29.300.000.667.572;0;46;22;126;741;2543
7086361926;04/12/2016;430;0.259999990463257;0.259999990463257;0;0;0;0.259999990463257;0;0;0;14;75;625
8053475328;04/02/2016;20188;156.199.998.855.591;156.199.998.855.591;0;120.600.004.196.167;0.850000023841858;271.000.003.814.697;0;124;19;172;1125;3377
8053475328;04/03/2016;25701;201.399.993.896.484;201.399.993.896.484;0;168.199.996.948.242;162.999.999.523.163;169.000.005.722.046;0;165;36;97;1142;3697
8053475328;04/04/2016;17395;13.210.000.038.147;13.210.000.038.147;0;967.000.007.629.395;0.180000007152557;334.999.990.463.257;0;100;4;213;1123;3209
8053475328;04/05/2016;17167;134.099.998.474.121;134.099.998.474.121;0;996.000.003.814.697;0.310000002384186;314.000.010.490.417;0;98;8;184;1150;3167
8053475328;04/06/2016;16435;124.200.000.762.939;124.200.000.762.939;0;896.000.003.814.697;0.550000011920929;291.000.008.583.069;0;100;14;191;1135;3122
8053475328;04/07/2016;17078;131.999.998.092.651;131.999.998.092.651;0;997.000.026.702.881;0.239999994635582;299.000.000.953.674;0;101;6;190;1143;3176
8053475328;04/08/2016;11693;953.999.996.185.303;953.999.996.185.303;0;676.999.998.092.651;0.259999990463257;2.5;0;60;6;153;1221;2790
8053475328;04/09/2016;11159;914.000.034.332.275;914.000.034.332.275;0;669.000.005.722.046;0.25;219.000.005.722.046;0;59;6;120;1255;2715
8053475328;04/10/2016;10118;773.000.001.907.349;773.000.001.907.349;0;304.999.995.231.628;0.800000011920929;388.000.011.444.092;0;30;18;207;1185;2684
8053475328;04/11/2016;16064;127.200.002.670.288;127.200.002.670.288;0;997.999.954.223.633;0.360000014305115;238.000.011.444.092;0;96;8;155;1181;3097
8053475328;04/12/2016;290;0.209999993443489;0.209999993443489;0;0;0;0.209999993443489;0;0;0;16;599;791
8253242879;04/01/2016;0;0;0;0;0;0;0;0;0;0;0;1440;1429
8253242879;04/02/2016;0;0;0;0;0;0;0;0;0;0;0;1440;1429
8253242879;04/03/2016;0;0;0;0;0;0;0;0;0;0;0;1440;1429
8253242879;04/04/2016;0;0;0;0;0;0;0;0;0;0;0;1440;1429
8253242879;04/05/2016;0;0;0;0;0;0;0;0;0;0;0;1440;1429
8253242879;04/06/2016;1931;127.999.997.138.977;127.999.997.138.977;0;0;0;127.999.997.138.977;0;0;0;94;1346;1607
8253242879;04/07/2016;5181;342.000.007.629.395;342.000.007.629.395;0;1;0.910000026226044;150.999.999.046.326;0.00999999977648258;15;15;107;1303;1776
8253242879;04/08/2016;12026;914.999.961.853.027;914.999.961.853.027;0;569.999.980.926.514;0.930000007152557;250.999.999.046.326;0;47;13;150;1230;2162
8253242879;04/09/2016;5360;353.999.996.185.303;353.999.996.185.303;0;0.540000021457672;154.999.995.231.628;146.000.003.814.697;0;8;28;148;1256;1832
8253242879;04/10/2016;2545;167.999.994.754.791;167.999.994.754.791;0;0;0;166.999.995.708.466;0.0199999995529652;0;0;126;1314;1657
8253242879;04/11/2016;1636;108.000.004.291.534;108.000.004.291.534;0;0;0;108.000.004.291.534;0;0;0;86;1139;1377
8253242879;04/12/2016;0;0;0;0;0;0;0;0;0;0;0;1440;0
8378563200;04/01/2016;14179;112.399.997.711.182;112.399.997.711.182;0;623.000.001.907.349;105.999.994.277.954;396.000.003.814.697;0;73;21;195;719;3669
8378563200;04/02/2016;3358;266.000.008.583.069;266.000.008.583.069;0;0;0;266.000.008.583.069;0;0;0;144;657;2702
8378563200;04/03/2016;9152;726.000.022.888.184;726.000.022.888.184;0;199.000.000.953.674;0.819999992847443;444.999.980.926.514;0;25;13;243;600;3304
8378563200;04/04/2016;13935;110.500.001.907.349;110.500.001.907.349;20.921.471.118.927;409.000.015.258.789;0.790000021457672;617.000.007.629.395;0;105;16;220;658;4234
8378563200;04/05/2016;12846;101.899.995.803.833;101.899.995.803.833;225.308.108.329.773;5;0.75;444.000.005.722.046;0;113;15;189;686;4128
8378563200;04/06/2016;9124;723.999.977.111.816;723.999.977.111.816;20.921.471.118.927;0;0.25;698.999.977.111.816;0;55;6;230;728;3798
8378563200;04/07/2016;9725;771.000.003.814.697;771.000.003.814.697;225.308.108.329.773;241.000.008.583.069;0.529999971389771;476.999.998.092.651;0;83;11;181;670;3839
8378563200;04/08/2016;8350;661.999.988.555.908;661.999.988.555.908;20.921.471.118.927;149.000.000.953.674;0.529999971389771;46.100.001.335.144;0;72;10;167;868;3713
8378563200;04/09/2016;2240;177.999.997.138.977;177.999.997.138.977;0;0;0;177.999.997.138.977;0;0;0;110;843;2606
8378563200;04/10/2016;2631;208.999.991.416.931;208.999.991.416.931;0;0;0;208.999.991.416.931;0;0;0;117;727;2624
8378563200;04/11/2016;8837;701.000.022.888.184;701.000.022.888.184;20.921.471.118.927;153.999.996.185.303;0.879999995231628;459.000.015.258.789;0;74;17;182;811;3775
8378563200;04/12/2016;3246;25.699.999.332.428;25.699.999.332.428;225.308.108.329.773;0.829999983310699;0.709999978542328;102.999.997.138.977;0;65;15;49;243;1882
8583815059;04/01/2016;2174;170.000.004.768.372;170.000.004.768.372;0;0;0;170.000.004.768.372;0;0;0;112;1328;2360
8583815059;04/02/2016;3494;273.000.001.907.349;273.000.001.907.349;0;0;0;269.000.005.722.046;0;0;0;166;1274;2517
8583815059;04/03/2016;2380;186.000.001.430.511;186.000.001.430.511;0;0;0;186.000.001.430.511;0;0;0;131;1309;2400
8583815059;04/04/2016;3159;246.000.003.814.697;246.000.003.814.697;0;0;0;246.000.003.814.697;0;0;0;147;1293;2462
8583815059;04/05/2016;6835;532.999.992.370.605;532.999.992.370.605;0;0.370000004768372;0.730000019073486;423.999.977.111.816;0;5;15;212;1208;2786
8583815059;04/06/2016;2098;163.999.998.569.489;163.999.998.569.489;0;0;0;162.999.999.523.163;0;0;0;112;1328;2354
8583815059;04/07/2016;2816;220.000.004.768.372;220.000.004.768.372;0;0;0;220.000.004.768.372;0;0;0;138;1302;2437
8583815059;04/08/2016;1408;110.000.002.384.186;110.000.002.384.186;0;0;0;110.000.002.384.186;0;0;0;79;1052;1814
8792009665;04/01/2016;4592;294.000.005.722.046;294.000.005.722.046;0;0.100000001490116;0.140000000596046;270.000.004.768.372;0;4;8;176;748;2260
8792009665;04/02/2016;8452;540.999.984.741.211;540.999.984.741.211;0;0.259999990463257;0.389999985694885;476.000.022.888.184;0;9;24;328;1079;3004
8792009665;04/03/2016;7238;463.000.011.444.092;463.000.011.444.092;0;0.109999999403954;0.230000004172325;428.999.996.185.303;0;2;6;279;636;2667
8792009665;04/04/2016;3821;245.000.004.768.372;245.000.004.768.372;0;0;0.219999998807907;223.000.001.907.349;0;0;9;161;675;2229
8792009665;04/05/2016;2332;149.000.000.953.674;149.000.000.953.674;0;0.00999999977648258;0.180000007152557;129.999.995.231.628;0;1;10;111;904;2100
8792009665;04/06/2016;2121;136.000.001.430.511;136.000.001.430.511;0;0;0;136.000.001.430.511;0;0;0;122;855;2114
8792009665;04/07/2016;1291;0.829999983310699;0.829999983310699;0;0;0;0.829999983310699;0;0;0;77;888;1961
8792009665;04/08/2016;1467;0.939999997615814;0.939999997615814;0;0.100000001490116;0.209999993443489;0.629999995231628;0;2;8;71;912;1953
8792009665;04/09/2016;1022;0.649999976158142;0.649999976158142;0;0;0;0.649999976158142;0;0;0;63;739;1890
8792009665;04/10/2016;4605;295.000.004.768.372;295.000.004.768.372;0;0;0;295.000.004.768.372;0;0;0;179;1261;2253
8792009665;04/11/2016;178;0.109999999403954;0.109999999403954;0;0;0;0.109999999403954;0;0;0;12;1428;1725
8792009665;04/12/2016;20;0.00999999977648258;0.00999999977648258;0;0;0;0.00999999977648258;0;0;0;6;598;728
8877689391;04/01/2016;18700;158.199.996.948.242;158.199.996.948.242;0;869.999.980.926.514;0.159999996423721;690.999.984.741.211;0;67;3;247;1123;3527
8877689391;04/02/2016;27572;233.899.993.896.484;233.899.993.896.484;0;147.200.002.670.288;121.000.003.814.697;734.000.015.258.789;0.00999999977648258;116;24;260;1040;4220
8877689391;04/03/2016;15260;81.899.995.803.833;81.899.995.803.833;0;179.999.995.231.628;0.75;557.000.017.166.138;0;106;17;259;1058;3864
8877689391;04/04/2016;20779;184.099.998.474.121;184.099.998.474.121;0;117.299.995.422.363;0.649999976158142;6;0;78;16;208;1138;3662
8877689391;04/05/2016;10695;811.999.988.555.908;811.999.988.555.908;0;0.769999980926514;0.180000007152557;709.000.015.258.789;0.00999999977648258;10;3;246;1181;2834
8877689391;04/06/2016;24136;209.099.998.474.121;209.099.998.474.121;0;122.200.002.670.288;0.540000021457672;807.999.992.370.605;0;87;16;318;1019;4039
8877689391;04/07/2016;10910;842.000.007.629.395;842.000.007.629.395;0;296.000.003.814.697;0.389999985694885;503.000.020.980.835;0;32;11;212;1185;2947
8877689391;04/08/2016;23014;203.899.993.896.484;203.899.993.896.484;0;111.000.003.814.697;0.629999995231628;861.999.988.555.908;0;70;29;359;982;4196
8877689391;04/09/2016;16470;806.999.969.482.422;806.999.969.482.422;0;0;0.0199999995529652;802.000.045.776.367;0;90;9;289;1052;3841
8877689391;04/10/2016;28497;275.300.006.866.455;275.300.006.866.455;0;219.200.000.762.939;112.000.000.476.837;446.000.003.814.697;0;128;46;211;1055;4526
8877689391;04/11/2016;10622;80.600.004.196.167;80.600.004.196.167;0;147.000.002.861.023;0.150000005960464;636.999.988.555.908;0.00999999977648258;18;7;225;1190;2820
8877689391;04/12/2016;2350;177.999.997.138.977;177.999.997.138.977;0;0;0;177.999.997.138.977;0;0;0;58;531;938
